INSERT INTO CUSTOMERS(id, first_name, last_name, email, username) VALUES (1, 'Name 1', 'Surname 1', 'Email 1', 'Username 1');
INSERT INTO CUSTOMERS(id, first_name, last_name, email, username) VALUES (2, 'Name 2', 'Surname 2', 'Email 2', 'Username 2');
INSERT INTO CUSTOMERS(id, first_name, last_name, email, username) VALUES (3, 'Name 3', 'Surname 3', 'Email 3', 'Username 3');
INSERT INTO CUSTOMERS(id, first_name, last_name, email, username) VALUES (4, 'Name 4', 'Surname 4', 'Email 4', 'Username 4');
INSERT INTO CUSTOMERS(id, first_name, last_name, email, username) VALUES (5, 'Name 5', 'Surname 5', 'Email 5', 'Username 5');
INSERT INTO CUSTOMERS(id, first_name, last_name, email, username) VALUES (6, 'Name 6', 'Surname 6', 'Email 6', 'Username 6');
INSERT INTO CUSTOMERS(id, first_name, last_name, email, username) VALUES (7, 'Name 7', 'Surname 7', 'Email 7', 'Username 7');
INSERT INTO CUSTOMERS(id, first_name, last_name, email, username) VALUES (8, 'Name 8', 'Surname 8', 'Email 8', 'Username 8');
INSERT INTO CUSTOMERS(id, first_name, last_name, email, username) VALUES (9, 'Name 9', 'Surname 9', 'Email 9', 'Username 9');
INSERT INTO CUSTOMERS(id, first_name, last_name, email, username) VALUES (10, 'Name 10', 'Surname 10', 'Email 10', 'Username 10');
INSERT INTO CUSTOMERS(id, first_name, last_name, email, username) VALUES (11, 'Name 11', 'Surname 11', 'Email 11', 'Username 11');
INSERT INTO CUSTOMERS(id, first_name, last_name, email, username) VALUES (12, 'Name 12', 'Surname 12', 'Email 12', 'Username 12');
INSERT INTO CUSTOMERS(id, first_name, last_name, email, username) VALUES (13, 'Name 13', 'Surname 13', 'Email 13', 'Username 13');
INSERT INTO CUSTOMERS(id, first_name, last_name, email, username) VALUES (14, 'Name 14', 'Surname 14', 'Email 14', 'Username 14');
INSERT INTO CUSTOMERS(id, first_name, last_name, email, username) VALUES (15, 'Name 15', 'Surname 15', 'Email 15', 'Username 15');
INSERT INTO CUSTOMERS(id, first_name, last_name, email, username) VALUES (16, 'Name 16', 'Surname 16', 'Email 16', 'Username 16');
INSERT INTO CUSTOMERS(id, first_name, last_name, email, username) VALUES (17, 'Name 17', 'Surname 17', 'Email 17', 'Username 17');
INSERT INTO CUSTOMERS(id, first_name, last_name, email, username) VALUES (18, 'Name 18', 'Surname 18', 'Email 18', 'Username 18');
INSERT INTO CUSTOMERS(id, first_name, last_name, email, username) VALUES (19, 'Name 19', 'Surname 19', 'Email 19', 'Username 19');
INSERT INTO CUSTOMERS(id, first_name, last_name, email, username) VALUES (20, 'Name 20', 'Surname 20', 'Email 20', 'Username 20');
INSERT INTO CUSTOMERS(id, first_name, last_name, email, username) VALUES (21, 'Name 21', 'Surname 21', 'Email 21', 'Username 21');
INSERT INTO CUSTOMERS(id, first_name, last_name, email, username) VALUES (22, 'Name 22', 'Surname 22', 'Email 22', 'Username 22');
INSERT INTO CUSTOMERS(id, first_name, last_name, email, username) VALUES (23, 'Name 23', 'Surname 23', 'Email 23', 'Username 23');
INSERT INTO CUSTOMERS(id, first_name, last_name, email, username) VALUES (24, 'Name 24', 'Surname 24', 'Email 24', 'Username 24');
INSERT INTO CUSTOMERS(id, first_name, last_name, email, username) VALUES (25, 'Name 25', 'Surname 25', 'Email 25', 'Username 25');
INSERT INTO CUSTOMERS(id, first_name, last_name, email, username) VALUES (26, 'Name 26', 'Surname 26', 'Email 26', 'Username 26');
INSERT INTO CUSTOMERS(id, first_name, last_name, email, username) VALUES (27, 'Name 27', 'Surname 27', 'Email 27', 'Username 27');
INSERT INTO CUSTOMERS(id, first_name, last_name, email, username) VALUES (28, 'Name 28', 'Surname 28', 'Email 28', 'Username 28');
INSERT INTO CUSTOMERS(id, first_name, last_name, email, username) VALUES (29, 'Name 29', 'Surname 29', 'Email 29', 'Username 29');
INSERT INTO CUSTOMERS(id, first_name, last_name, email, username) VALUES (30, 'Name 30', 'Surname 30', 'Email 30', 'Username 30');
INSERT INTO CUSTOMERS(id, first_name, last_name, email, username) VALUES (31, 'Name 31', 'Surname 31', 'Email 31', 'Username 31');
INSERT INTO CUSTOMERS(id, first_name, last_name, email, username) VALUES (32, 'Name 32', 'Surname 32', 'Email 32', 'Username 32');
INSERT INTO CUSTOMERS(id, first_name, last_name, email, username) VALUES (33, 'Name 33', 'Surname 33', 'Email 33', 'Username 33');
INSERT INTO CUSTOMERS(id, first_name, last_name, email, username) VALUES (34, 'Name 34', 'Surname 34', 'Email 34', 'Username 34');
INSERT INTO CUSTOMERS(id, first_name, last_name, email, username) VALUES (35, 'Name 35', 'Surname 35', 'Email 35', 'Username 35');
INSERT INTO CUSTOMERS(id, first_name, last_name, email, username) VALUES (36, 'Name 36', 'Surname 36', 'Email 36', 'Username 36');
INSERT INTO CUSTOMERS(id, first_name, last_name, email, username) VALUES (37, 'Name 37', 'Surname 37', 'Email 37', 'Username 37');
INSERT INTO CUSTOMERS(id, first_name, last_name, email, username) VALUES (38, 'Name 38', 'Surname 38', 'Email 38', 'Username 38');
INSERT INTO CUSTOMERS(id, first_name, last_name, email, username) VALUES (39, 'Name 39', 'Surname 39', 'Email 39', 'Username 39');
INSERT INTO CUSTOMERS(id, first_name, last_name, email, username) VALUES (40, 'Name 40', 'Surname 40', 'Email 40', 'Username 40');
INSERT INTO CUSTOMERS(id, first_name, last_name, email, username) VALUES (41, 'Name 41', 'Surname 41', 'Email 41', 'Username 41');
INSERT INTO CUSTOMERS(id, first_name, last_name, email, username) VALUES (42, 'Name 42', 'Surname 42', 'Email 42', 'Username 42');
INSERT INTO CUSTOMERS(id, first_name, last_name, email, username) VALUES (43, 'Name 43', 'Surname 43', 'Email 43', 'Username 43');
INSERT INTO CUSTOMERS(id, first_name, last_name, email, username) VALUES (44, 'Name 44', 'Surname 44', 'Email 44', 'Username 44');
INSERT INTO CUSTOMERS(id, first_name, last_name, email, username) VALUES (45, 'Name 45', 'Surname 45', 'Email 45', 'Username 45');
INSERT INTO CUSTOMERS(id, first_name, last_name, email, username) VALUES (46, 'Name 46', 'Surname 46', 'Email 46', 'Username 46');
INSERT INTO CUSTOMERS(id, first_name, last_name, email, username) VALUES (47, 'Name 47', 'Surname 47', 'Email 47', 'Username 47');
INSERT INTO CUSTOMERS(id, first_name, last_name, email, username) VALUES (48, 'Name 48', 'Surname 48', 'Email 48', 'Username 48');
INSERT INTO CUSTOMERS(id, first_name, last_name, email, username) VALUES (49, 'Name 49', 'Surname 49', 'Email 49', 'Username 49');
INSERT INTO CUSTOMERS(id, first_name, last_name, email, username) VALUES (50, 'Name 50', 'Surname 50', 'Email 50', 'Username 50');
INSERT INTO CUSTOMERS(id, first_name, last_name, email, username) VALUES (51, 'Name 51', 'Surname 51', 'Email 51', 'Username 51');
INSERT INTO CUSTOMERS(id, first_name, last_name, email, username) VALUES (52, 'Name 52', 'Surname 52', 'Email 52', 'Username 52');
INSERT INTO CUSTOMERS(id, first_name, last_name, email, username) VALUES (53, 'Name 53', 'Surname 53', 'Email 53', 'Username 53');
INSERT INTO CUSTOMERS(id, first_name, last_name, email, username) VALUES (54, 'Name 54', 'Surname 54', 'Email 54', 'Username 54');
INSERT INTO CUSTOMERS(id, first_name, last_name, email, username) VALUES (55, 'Name 55', 'Surname 55', 'Email 55', 'Username 55');
INSERT INTO CUSTOMERS(id, first_name, last_name, email, username) VALUES (56, 'Name 56', 'Surname 56', 'Email 56', 'Username 56');
INSERT INTO CUSTOMERS(id, first_name, last_name, email, username) VALUES (57, 'Name 57', 'Surname 57', 'Email 57', 'Username 57');
INSERT INTO CUSTOMERS(id, first_name, last_name, email, username) VALUES (58, 'Name 58', 'Surname 58', 'Email 58', 'Username 58');
INSERT INTO CUSTOMERS(id, first_name, last_name, email, username) VALUES (59, 'Name 59', 'Surname 59', 'Email 59', 'Username 59');
INSERT INTO CUSTOMERS(id, first_name, last_name, email, username) VALUES (60, 'Name 60', 'Surname 60', 'Email 60', 'Username 60');
INSERT INTO CUSTOMERS(id, first_name, last_name, email, username) VALUES (61, 'Name 61', 'Surname 61', 'Email 61', 'Username 61');
INSERT INTO CUSTOMERS(id, first_name, last_name, email, username) VALUES (62, 'Name 62', 'Surname 62', 'Email 62', 'Username 62');
INSERT INTO CUSTOMERS(id, first_name, last_name, email, username) VALUES (63, 'Name 63', 'Surname 63', 'Email 63', 'Username 63');
INSERT INTO CUSTOMERS(id, first_name, last_name, email, username) VALUES (64, 'Name 64', 'Surname 64', 'Email 64', 'Username 64');
INSERT INTO CUSTOMERS(id, first_name, last_name, email, username) VALUES (65, 'Name 65', 'Surname 65', 'Email 65', 'Username 65');
INSERT INTO CUSTOMERS(id, first_name, last_name, email, username) VALUES (66, 'Name 66', 'Surname 66', 'Email 66', 'Username 66');
INSERT INTO CUSTOMERS(id, first_name, last_name, email, username) VALUES (67, 'Name 67', 'Surname 67', 'Email 67', 'Username 67');
INSERT INTO CUSTOMERS(id, first_name, last_name, email, username) VALUES (68, 'Name 68', 'Surname 68', 'Email 68', 'Username 68');
INSERT INTO CUSTOMERS(id, first_name, last_name, email, username) VALUES (69, 'Name 69', 'Surname 69', 'Email 69', 'Username 69');
INSERT INTO CUSTOMERS(id, first_name, last_name, email, username) VALUES (70, 'Name 70', 'Surname 70', 'Email 70', 'Username 70');
INSERT INTO CUSTOMERS(id, first_name, last_name, email, username) VALUES (71, 'Name 71', 'Surname 71', 'Email 71', 'Username 71');
INSERT INTO CUSTOMERS(id, first_name, last_name, email, username) VALUES (72, 'Name 72', 'Surname 72', 'Email 72', 'Username 72');
INSERT INTO CUSTOMERS(id, first_name, last_name, email, username) VALUES (73, 'Name 73', 'Surname 73', 'Email 73', 'Username 73');
INSERT INTO CUSTOMERS(id, first_name, last_name, email, username) VALUES (74, 'Name 74', 'Surname 74', 'Email 74', 'Username 74');
INSERT INTO CUSTOMERS(id, first_name, last_name, email, username) VALUES (75, 'Name 75', 'Surname 75', 'Email 75', 'Username 75');
INSERT INTO CUSTOMERS(id, first_name, last_name, email, username) VALUES (76, 'Name 76', 'Surname 76', 'Email 76', 'Username 76');
INSERT INTO CUSTOMERS(id, first_name, last_name, email, username) VALUES (77, 'Name 77', 'Surname 77', 'Email 77', 'Username 77');
INSERT INTO CUSTOMERS(id, first_name, last_name, email, username) VALUES (78, 'Name 78', 'Surname 78', 'Email 78', 'Username 78');
INSERT INTO CUSTOMERS(id, first_name, last_name, email, username) VALUES (79, 'Name 79', 'Surname 79', 'Email 79', 'Username 79');
INSERT INTO CUSTOMERS(id, first_name, last_name, email, username) VALUES (80, 'Name 80', 'Surname 80', 'Email 80', 'Username 80');
INSERT INTO CUSTOMERS(id, first_name, last_name, email, username) VALUES (81, 'Name 81', 'Surname 81', 'Email 81', 'Username 81');
INSERT INTO CUSTOMERS(id, first_name, last_name, email, username) VALUES (82, 'Name 82', 'Surname 82', 'Email 82', 'Username 82');
INSERT INTO CUSTOMERS(id, first_name, last_name, email, username) VALUES (83, 'Name 83', 'Surname 83', 'Email 83', 'Username 83');
INSERT INTO CUSTOMERS(id, first_name, last_name, email, username) VALUES (84, 'Name 84', 'Surname 84', 'Email 84', 'Username 84');
INSERT INTO CUSTOMERS(id, first_name, last_name, email, username) VALUES (85, 'Name 85', 'Surname 85', 'Email 85', 'Username 85');
INSERT INTO CUSTOMERS(id, first_name, last_name, email, username) VALUES (86, 'Name 86', 'Surname 86', 'Email 86', 'Username 86');
INSERT INTO CUSTOMERS(id, first_name, last_name, email, username) VALUES (87, 'Name 87', 'Surname 87', 'Email 87', 'Username 87');
INSERT INTO CUSTOMERS(id, first_name, last_name, email, username) VALUES (88, 'Name 88', 'Surname 88', 'Email 88', 'Username 88');
INSERT INTO CUSTOMERS(id, first_name, last_name, email, username) VALUES (89, 'Name 89', 'Surname 89', 'Email 89', 'Username 89');
INSERT INTO CUSTOMERS(id, first_name, last_name, email, username) VALUES (90, 'Name 90', 'Surname 90', 'Email 90', 'Username 90');
INSERT INTO CUSTOMERS(id, first_name, last_name, email, username) VALUES (91, 'Name 91', 'Surname 91', 'Email 91', 'Username 91');
INSERT INTO CUSTOMERS(id, first_name, last_name, email, username) VALUES (92, 'Name 92', 'Surname 92', 'Email 92', 'Username 92');
INSERT INTO CUSTOMERS(id, first_name, last_name, email, username) VALUES (93, 'Name 93', 'Surname 93', 'Email 93', 'Username 93');
INSERT INTO CUSTOMERS(id, first_name, last_name, email, username) VALUES (94, 'Name 94', 'Surname 94', 'Email 94', 'Username 94');
INSERT INTO CUSTOMERS(id, first_name, last_name, email, username) VALUES (95, 'Name 95', 'Surname 95', 'Email 95', 'Username 95');
INSERT INTO CUSTOMERS(id, first_name, last_name, email, username) VALUES (96, 'Name 96', 'Surname 96', 'Email 96', 'Username 96');
INSERT INTO CUSTOMERS(id, first_name, last_name, email, username) VALUES (97, 'Name 97', 'Surname 97', 'Email 97', 'Username 97');
INSERT INTO CUSTOMERS(id, first_name, last_name, email, username) VALUES (98, 'Name 98', 'Surname 98', 'Email 98', 'Username 98');
INSERT INTO CUSTOMERS(id, first_name, last_name, email, username) VALUES (99, 'Name 99', 'Surname 99', 'Email 99', 'Username 99');
INSERT INTO CUSTOMERS(id, first_name, last_name, email, username) VALUES (100, 'Name 100', 'Surname 100', 'Email 100', 'Username 100');
INSERT INTO ORDERS(id, customers_id, status, payment_type, total_price) VALUES (1, 100, 'Status 1', 'Payment Type 1', '1.1');
INSERT INTO ORDERS(id, customers_id, status, payment_type, total_price) VALUES (2, 99, 'Status 2', 'Payment Type 2', '2.2');
INSERT INTO ORDERS(id, customers_id, status, payment_type, total_price) VALUES (3, 98, 'Status 3', 'Payment Type 3', '3.3');
INSERT INTO ORDERS(id, customers_id, status, payment_type, total_price) VALUES (4, 97, 'Status 4', 'Payment Type 4', '4.4');
INSERT INTO ORDERS(id, customers_id, status, payment_type, total_price) VALUES (5, 96, 'Status 5', 'Payment Type 5', '5.5');
INSERT INTO ORDERS(id, customers_id, status, payment_type, total_price) VALUES (6, 95, 'Status 6', 'Payment Type 6', '6.6');
INSERT INTO ORDERS(id, customers_id, status, payment_type, total_price) VALUES (7, 94, 'Status 7', 'Payment Type 7', '7.7');
INSERT INTO ORDERS(id, customers_id, status, payment_type, total_price) VALUES (8, 93, 'Status 8', 'Payment Type 8', '8.8');
INSERT INTO ORDERS(id, customers_id, status, payment_type, total_price) VALUES (9, 92, 'Status 9', 'Payment Type 9', '9.9');
INSERT INTO ORDERS(id, customers_id, status, payment_type, total_price) VALUES (10, 91, 'Status 10', 'Payment Type 10', '10.10');
INSERT INTO ORDERS(id, customers_id, status, payment_type, total_price) VALUES (11, 90, 'Status 11', 'Payment Type 11', '11.11');
INSERT INTO ORDERS(id, customers_id, status, payment_type, total_price) VALUES (12, 89, 'Status 12', 'Payment Type 12', '12.12');
INSERT INTO ORDERS(id, customers_id, status, payment_type, total_price) VALUES (13, 88, 'Status 13', 'Payment Type 13', '13.13');
INSERT INTO ORDERS(id, customers_id, status, payment_type, total_price) VALUES (14, 87, 'Status 14', 'Payment Type 14', '14.14');
INSERT INTO ORDERS(id, customers_id, status, payment_type, total_price) VALUES (15, 86, 'Status 15', 'Payment Type 15', '15.15');
INSERT INTO ORDERS(id, customers_id, status, payment_type, total_price) VALUES (16, 85, 'Status 16', 'Payment Type 16', '16.16');
INSERT INTO ORDERS(id, customers_id, status, payment_type, total_price) VALUES (17, 84, 'Status 17', 'Payment Type 17', '17.17');
INSERT INTO ORDERS(id, customers_id, status, payment_type, total_price) VALUES (18, 83, 'Status 18', 'Payment Type 18', '18.18');
INSERT INTO ORDERS(id, customers_id, status, payment_type, total_price) VALUES (19, 82, 'Status 19', 'Payment Type 19', '19.19');
INSERT INTO ORDERS(id, customers_id, status, payment_type, total_price) VALUES (20, 81, 'Status 20', 'Payment Type 20', '20.20');
INSERT INTO ORDERS(id, customers_id, status, payment_type, total_price) VALUES (21, 80, 'Status 21', 'Payment Type 21', '21.21');
INSERT INTO ORDERS(id, customers_id, status, payment_type, total_price) VALUES (22, 79, 'Status 22', 'Payment Type 22', '22.22');
INSERT INTO ORDERS(id, customers_id, status, payment_type, total_price) VALUES (23, 78, 'Status 23', 'Payment Type 23', '23.23');
INSERT INTO ORDERS(id, customers_id, status, payment_type, total_price) VALUES (24, 77, 'Status 24', 'Payment Type 24', '24.24');
INSERT INTO ORDERS(id, customers_id, status, payment_type, total_price) VALUES (25, 76, 'Status 25', 'Payment Type 25', '25.25');
INSERT INTO ORDERS(id, customers_id, status, payment_type, total_price) VALUES (26, 75, 'Status 26', 'Payment Type 26', '26.26');
INSERT INTO ORDERS(id, customers_id, status, payment_type, total_price) VALUES (27, 74, 'Status 27', 'Payment Type 27', '27.27');
INSERT INTO ORDERS(id, customers_id, status, payment_type, total_price) VALUES (28, 73, 'Status 28', 'Payment Type 28', '28.28');
INSERT INTO ORDERS(id, customers_id, status, payment_type, total_price) VALUES (29, 72, 'Status 29', 'Payment Type 29', '29.29');
INSERT INTO ORDERS(id, customers_id, status, payment_type, total_price) VALUES (30, 71, 'Status 30', 'Payment Type 30', '30.30');
INSERT INTO ORDERS(id, customers_id, status, payment_type, total_price) VALUES (31, 70, 'Status 31', 'Payment Type 31', '31.31');
INSERT INTO ORDERS(id, customers_id, status, payment_type, total_price) VALUES (32, 69, 'Status 32', 'Payment Type 32', '32.32');
INSERT INTO ORDERS(id, customers_id, status, payment_type, total_price) VALUES (33, 68, 'Status 33', 'Payment Type 33', '33.33');
INSERT INTO ORDERS(id, customers_id, status, payment_type, total_price) VALUES (34, 67, 'Status 34', 'Payment Type 34', '34.34');
INSERT INTO ORDERS(id, customers_id, status, payment_type, total_price) VALUES (35, 66, 'Status 35', 'Payment Type 35', '35.35');
INSERT INTO ORDERS(id, customers_id, status, payment_type, total_price) VALUES (36, 65, 'Status 36', 'Payment Type 36', '36.36');
INSERT INTO ORDERS(id, customers_id, status, payment_type, total_price) VALUES (37, 64, 'Status 37', 'Payment Type 37', '37.37');
INSERT INTO ORDERS(id, customers_id, status, payment_type, total_price) VALUES (38, 63, 'Status 38', 'Payment Type 38', '38.38');
INSERT INTO ORDERS(id, customers_id, status, payment_type, total_price) VALUES (39, 62, 'Status 39', 'Payment Type 39', '39.39');
INSERT INTO ORDERS(id, customers_id, status, payment_type, total_price) VALUES (40, 61, 'Status 40', 'Payment Type 40', '40.40');
INSERT INTO ORDERS(id, customers_id, status, payment_type, total_price) VALUES (41, 60, 'Status 41', 'Payment Type 41', '41.41');
INSERT INTO ORDERS(id, customers_id, status, payment_type, total_price) VALUES (42, 59, 'Status 42', 'Payment Type 42', '42.42');
INSERT INTO ORDERS(id, customers_id, status, payment_type, total_price) VALUES (43, 58, 'Status 43', 'Payment Type 43', '43.43');
INSERT INTO ORDERS(id, customers_id, status, payment_type, total_price) VALUES (44, 57, 'Status 44', 'Payment Type 44', '44.44');
INSERT INTO ORDERS(id, customers_id, status, payment_type, total_price) VALUES (45, 56, 'Status 45', 'Payment Type 45', '45.45');
INSERT INTO ORDERS(id, customers_id, status, payment_type, total_price) VALUES (46, 55, 'Status 46', 'Payment Type 46', '46.46');
INSERT INTO ORDERS(id, customers_id, status, payment_type, total_price) VALUES (47, 54, 'Status 47', 'Payment Type 47', '47.47');
INSERT INTO ORDERS(id, customers_id, status, payment_type, total_price) VALUES (48, 53, 'Status 48', 'Payment Type 48', '48.48');
INSERT INTO ORDERS(id, customers_id, status, payment_type, total_price) VALUES (49, 52, 'Status 49', 'Payment Type 49', '49.49');
INSERT INTO ORDERS(id, customers_id, status, payment_type, total_price) VALUES (50, 51, 'Status 50', 'Payment Type 50', '50.50');
INSERT INTO ORDERS(id, customers_id, status, payment_type, total_price) VALUES (51, 50, 'Status 51', 'Payment Type 51', '51.51');
INSERT INTO ORDERS(id, customers_id, status, payment_type, total_price) VALUES (52, 49, 'Status 52', 'Payment Type 52', '52.52');
INSERT INTO ORDERS(id, customers_id, status, payment_type, total_price) VALUES (53, 48, 'Status 53', 'Payment Type 53', '53.53');
INSERT INTO ORDERS(id, customers_id, status, payment_type, total_price) VALUES (54, 47, 'Status 54', 'Payment Type 54', '54.54');
INSERT INTO ORDERS(id, customers_id, status, payment_type, total_price) VALUES (55, 46, 'Status 55', 'Payment Type 55', '55.55');
INSERT INTO ORDERS(id, customers_id, status, payment_type, total_price) VALUES (56, 45, 'Status 56', 'Payment Type 56', '56.56');
INSERT INTO ORDERS(id, customers_id, status, payment_type, total_price) VALUES (57, 44, 'Status 57', 'Payment Type 57', '57.57');
INSERT INTO ORDERS(id, customers_id, status, payment_type, total_price) VALUES (58, 43, 'Status 58', 'Payment Type 58', '58.58');
INSERT INTO ORDERS(id, customers_id, status, payment_type, total_price) VALUES (59, 42, 'Status 59', 'Payment Type 59', '59.59');
INSERT INTO ORDERS(id, customers_id, status, payment_type, total_price) VALUES (60, 41, 'Status 60', 'Payment Type 60', '60.60');
INSERT INTO ORDERS(id, customers_id, status, payment_type, total_price) VALUES (61, 40, 'Status 61', 'Payment Type 61', '61.61');
INSERT INTO ORDERS(id, customers_id, status, payment_type, total_price) VALUES (62, 39, 'Status 62', 'Payment Type 62', '62.62');
INSERT INTO ORDERS(id, customers_id, status, payment_type, total_price) VALUES (63, 38, 'Status 63', 'Payment Type 63', '63.63');
INSERT INTO ORDERS(id, customers_id, status, payment_type, total_price) VALUES (64, 37, 'Status 64', 'Payment Type 64', '64.64');
INSERT INTO ORDERS(id, customers_id, status, payment_type, total_price) VALUES (65, 36, 'Status 65', 'Payment Type 65', '65.65');
INSERT INTO ORDERS(id, customers_id, status, payment_type, total_price) VALUES (66, 35, 'Status 66', 'Payment Type 66', '66.66');
INSERT INTO ORDERS(id, customers_id, status, payment_type, total_price) VALUES (67, 34, 'Status 67', 'Payment Type 67', '67.67');
INSERT INTO ORDERS(id, customers_id, status, payment_type, total_price) VALUES (68, 33, 'Status 68', 'Payment Type 68', '68.68');
INSERT INTO ORDERS(id, customers_id, status, payment_type, total_price) VALUES (69, 32, 'Status 69', 'Payment Type 69', '69.69');
INSERT INTO ORDERS(id, customers_id, status, payment_type, total_price) VALUES (70, 31, 'Status 70', 'Payment Type 70', '70.70');
INSERT INTO ORDERS(id, customers_id, status, payment_type, total_price) VALUES (71, 30, 'Status 71', 'Payment Type 71', '71.71');
INSERT INTO ORDERS(id, customers_id, status, payment_type, total_price) VALUES (72, 29, 'Status 72', 'Payment Type 72', '72.72');
INSERT INTO ORDERS(id, customers_id, status, payment_type, total_price) VALUES (73, 28, 'Status 73', 'Payment Type 73', '73.73');
INSERT INTO ORDERS(id, customers_id, status, payment_type, total_price) VALUES (74, 27, 'Status 74', 'Payment Type 74', '74.74');
INSERT INTO ORDERS(id, customers_id, status, payment_type, total_price) VALUES (75, 26, 'Status 75', 'Payment Type 75', '75.75');
INSERT INTO ORDERS(id, customers_id, status, payment_type, total_price) VALUES (76, 25, 'Status 76', 'Payment Type 76', '76.76');
INSERT INTO ORDERS(id, customers_id, status, payment_type, total_price) VALUES (77, 24, 'Status 77', 'Payment Type 77', '77.77');
INSERT INTO ORDERS(id, customers_id, status, payment_type, total_price) VALUES (78, 23, 'Status 78', 'Payment Type 78', '78.78');
INSERT INTO ORDERS(id, customers_id, status, payment_type, total_price) VALUES (79, 22, 'Status 79', 'Payment Type 79', '79.79');
INSERT INTO ORDERS(id, customers_id, status, payment_type, total_price) VALUES (80, 21, 'Status 80', 'Payment Type 80', '80.80');
INSERT INTO ORDERS(id, customers_id, status, payment_type, total_price) VALUES (81, 20, 'Status 81', 'Payment Type 81', '81.81');
INSERT INTO ORDERS(id, customers_id, status, payment_type, total_price) VALUES (82, 19, 'Status 82', 'Payment Type 82', '82.82');
INSERT INTO ORDERS(id, customers_id, status, payment_type, total_price) VALUES (83, 18, 'Status 83', 'Payment Type 83', '83.83');
INSERT INTO ORDERS(id, customers_id, status, payment_type, total_price) VALUES (84, 17, 'Status 84', 'Payment Type 84', '84.84');
INSERT INTO ORDERS(id, customers_id, status, payment_type, total_price) VALUES (85, 16, 'Status 85', 'Payment Type 85', '85.85');
INSERT INTO ORDERS(id, customers_id, status, payment_type, total_price) VALUES (86, 15, 'Status 86', 'Payment Type 86', '86.86');
INSERT INTO ORDERS(id, customers_id, status, payment_type, total_price) VALUES (87, 14, 'Status 87', 'Payment Type 87', '87.87');
INSERT INTO ORDERS(id, customers_id, status, payment_type, total_price) VALUES (88, 13, 'Status 88', 'Payment Type 88', '88.88');
INSERT INTO ORDERS(id, customers_id, status, payment_type, total_price) VALUES (89, 12, 'Status 89', 'Payment Type 89', '89.89');
INSERT INTO ORDERS(id, customers_id, status, payment_type, total_price) VALUES (90, 11, 'Status 90', 'Payment Type 90', '90.90');
INSERT INTO ORDERS(id, customers_id, status, payment_type, total_price) VALUES (91, 10, 'Status 91', 'Payment Type 91', '91.91');
INSERT INTO ORDERS(id, customers_id, status, payment_type, total_price) VALUES (92, 9, 'Status 92', 'Payment Type 92', '92.92');
INSERT INTO ORDERS(id, customers_id, status, payment_type, total_price) VALUES (93, 8, 'Status 93', 'Payment Type 93', '93.93');
INSERT INTO ORDERS(id, customers_id, status, payment_type, total_price) VALUES (94, 7, 'Status 94', 'Payment Type 94', '94.94');
INSERT INTO ORDERS(id, customers_id, status, payment_type, total_price) VALUES (95, 6, 'Status 95', 'Payment Type 95', '95.95');
INSERT INTO ORDERS(id, customers_id, status, payment_type, total_price) VALUES (96, 5, 'Status 96', 'Payment Type 96', '96.96');
INSERT INTO ORDERS(id, customers_id, status, payment_type, total_price) VALUES (97, 4, 'Status 97', 'Payment Type 97', '97.97');
INSERT INTO ORDERS(id, customers_id, status, payment_type, total_price) VALUES (98, 3, 'Status 98', 'Payment Type 98', '98.98');
INSERT INTO ORDERS(id, customers_id, status, payment_type, total_price) VALUES (99, 2, 'Status 99', 'Payment Type 99', '99.99');
INSERT INTO ORDERS(id, customers_id, status, payment_type, total_price) VALUES (100, 1, 'Status 100', 'Payment Type 100', '100.100');
INSERT INTO PRODUCTS(id, name, price, orders_id) VALUES (1, 'Name 1', '1.1', 1);
INSERT INTO PRODUCTS(id, name, price, orders_id) VALUES (2, 'Name 2', '2.2', 1);
INSERT INTO PRODUCTS(id, name, price, orders_id) VALUES (3, 'Name 3', '3.3', 1);
INSERT INTO PRODUCTS(id, name, price, orders_id) VALUES (4, 'Name 4', '4.4', 1);
INSERT INTO PRODUCTS(id, name, price, orders_id) VALUES (5, 'Name 5', '5.5', 1);
INSERT INTO PRODUCTS(id, name, price, orders_id) VALUES (6, 'Name 6', '6.6', 1);
INSERT INTO PRODUCTS(id, name, price, orders_id) VALUES (7, 'Name 7', '7.7', 1);
INSERT INTO PRODUCTS(id, name, price, orders_id) VALUES (8, 'Name 8', '8.8', 1);
INSERT INTO PRODUCTS(id, name, price, orders_id) VALUES (9, 'Name 9', '9.9', 1);
INSERT INTO PRODUCTS(id, name, price, orders_id) VALUES (10, 'Name 10', '10.10', 2);
INSERT INTO PRODUCTS(id, name, price, orders_id) VALUES (11, 'Name 11', '11.11', 2);
INSERT INTO PRODUCTS(id, name, price, orders_id) VALUES (12, 'Name 12', '12.12', 2);
INSERT INTO PRODUCTS(id, name, price, orders_id) VALUES (13, 'Name 13', '13.13', 2);
INSERT INTO PRODUCTS(id, name, price, orders_id) VALUES (14, 'Name 14', '14.14', 2);
INSERT INTO PRODUCTS(id, name, price, orders_id) VALUES (15, 'Name 15', '15.15', 2);
INSERT INTO PRODUCTS(id, name, price, orders_id) VALUES (16, 'Name 16', '16.16', 2);
INSERT INTO PRODUCTS(id, name, price, orders_id) VALUES (17, 'Name 17', '17.17', 2);
INSERT INTO PRODUCTS(id, name, price, orders_id) VALUES (18, 'Name 18', '18.18', 2);
INSERT INTO PRODUCTS(id, name, price, orders_id) VALUES (19, 'Name 19', '19.19', 2);
INSERT INTO PRODUCTS(id, name, price, orders_id) VALUES (20, 'Name 20', '20.20', 3);
INSERT INTO PRODUCTS(id, name, price, orders_id) VALUES (21, 'Name 21', '21.21', 3);
INSERT INTO PRODUCTS(id, name, price, orders_id) VALUES (22, 'Name 22', '22.22', 3);
INSERT INTO PRODUCTS(id, name, price, orders_id) VALUES (23, 'Name 23', '23.23', 3);
INSERT INTO PRODUCTS(id, name, price, orders_id) VALUES (24, 'Name 24', '24.24', 3);
INSERT INTO PRODUCTS(id, name, price, orders_id) VALUES (25, 'Name 25', '25.25', 3);
INSERT INTO PRODUCTS(id, name, price, orders_id) VALUES (26, 'Name 26', '26.26', 3);
INSERT INTO PRODUCTS(id, name, price, orders_id) VALUES (27, 'Name 27', '27.27', 3);
INSERT INTO PRODUCTS(id, name, price, orders_id) VALUES (28, 'Name 28', '28.28', 3);
INSERT INTO PRODUCTS(id, name, price, orders_id) VALUES (29, 'Name 29', '29.29', 3);
INSERT INTO PRODUCTS(id, name, price, orders_id) VALUES (30, 'Name 30', '30.30', 4);
INSERT INTO PRODUCTS(id, name, price, orders_id) VALUES (31, 'Name 31', '31.31', 4);
INSERT INTO PRODUCTS(id, name, price, orders_id) VALUES (32, 'Name 32', '32.32', 4);
INSERT INTO PRODUCTS(id, name, price, orders_id) VALUES (33, 'Name 33', '33.33', 4);
INSERT INTO PRODUCTS(id, name, price, orders_id) VALUES (34, 'Name 34', '34.34', 4);
INSERT INTO PRODUCTS(id, name, price, orders_id) VALUES (35, 'Name 35', '35.35', 4);
INSERT INTO PRODUCTS(id, name, price, orders_id) VALUES (36, 'Name 36', '36.36', 4);
INSERT INTO PRODUCTS(id, name, price, orders_id) VALUES (37, 'Name 37', '37.37', 4);
INSERT INTO PRODUCTS(id, name, price, orders_id) VALUES (38, 'Name 38', '38.38', 4);
INSERT INTO PRODUCTS(id, name, price, orders_id) VALUES (39, 'Name 39', '39.39', 4);
INSERT INTO PRODUCTS(id, name, price, orders_id) VALUES (40, 'Name 40', '40.40', 5);
INSERT INTO PRODUCTS(id, name, price, orders_id) VALUES (41, 'Name 41', '41.41', 5);
INSERT INTO PRODUCTS(id, name, price, orders_id) VALUES (42, 'Name 42', '42.42', 5);
INSERT INTO PRODUCTS(id, name, price, orders_id) VALUES (43, 'Name 43', '43.43', 5);
INSERT INTO PRODUCTS(id, name, price, orders_id) VALUES (44, 'Name 44', '44.44', 5);
INSERT INTO PRODUCTS(id, name, price, orders_id) VALUES (45, 'Name 45', '45.45', 5);
INSERT INTO PRODUCTS(id, name, price, orders_id) VALUES (46, 'Name 46', '46.46', 5);
INSERT INTO PRODUCTS(id, name, price, orders_id) VALUES (47, 'Name 47', '47.47', 5);
INSERT INTO PRODUCTS(id, name, price, orders_id) VALUES (48, 'Name 48', '48.48', 5);
INSERT INTO PRODUCTS(id, name, price, orders_id) VALUES (49, 'Name 49', '49.49', 5);
INSERT INTO PRODUCTS(id, name, price, orders_id) VALUES (50, 'Name 50', '50.50', 6);
INSERT INTO PRODUCTS(id, name, price, orders_id) VALUES (51, 'Name 51', '51.51', 6);
INSERT INTO PRODUCTS(id, name, price, orders_id) VALUES (52, 'Name 52', '52.52', 6);
INSERT INTO PRODUCTS(id, name, price, orders_id) VALUES (53, 'Name 53', '53.53', 6);
INSERT INTO PRODUCTS(id, name, price, orders_id) VALUES (54, 'Name 54', '54.54', 6);
INSERT INTO PRODUCTS(id, name, price, orders_id) VALUES (55, 'Name 55', '55.55', 6);
INSERT INTO PRODUCTS(id, name, price, orders_id) VALUES (56, 'Name 56', '56.56', 6);
INSERT INTO PRODUCTS(id, name, price, orders_id) VALUES (57, 'Name 57', '57.57', 6);
INSERT INTO PRODUCTS(id, name, price, orders_id) VALUES (58, 'Name 58', '58.58', 6);
INSERT INTO PRODUCTS(id, name, price, orders_id) VALUES (59, 'Name 59', '59.59', 6);
INSERT INTO PRODUCTS(id, name, price, orders_id) VALUES (60, 'Name 60', '60.60', 7);
INSERT INTO PRODUCTS(id, name, price, orders_id) VALUES (61, 'Name 61', '61.61', 7);
INSERT INTO PRODUCTS(id, name, price, orders_id) VALUES (62, 'Name 62', '62.62', 7);
INSERT INTO PRODUCTS(id, name, price, orders_id) VALUES (63, 'Name 63', '63.63', 7);
INSERT INTO PRODUCTS(id, name, price, orders_id) VALUES (64, 'Name 64', '64.64', 7);
INSERT INTO PRODUCTS(id, name, price, orders_id) VALUES (65, 'Name 65', '65.65', 7);
INSERT INTO PRODUCTS(id, name, price, orders_id) VALUES (66, 'Name 66', '66.66', 7);
INSERT INTO PRODUCTS(id, name, price, orders_id) VALUES (67, 'Name 67', '67.67', 7);
INSERT INTO PRODUCTS(id, name, price, orders_id) VALUES (68, 'Name 68', '68.68', 7);
INSERT INTO PRODUCTS(id, name, price, orders_id) VALUES (69, 'Name 69', '69.69', 7);
INSERT INTO PRODUCTS(id, name, price, orders_id) VALUES (70, 'Name 70', '70.70', 8);
INSERT INTO PRODUCTS(id, name, price, orders_id) VALUES (71, 'Name 71', '71.71', 8);
INSERT INTO PRODUCTS(id, name, price, orders_id) VALUES (72, 'Name 72', '72.72', 8);
INSERT INTO PRODUCTS(id, name, price, orders_id) VALUES (73, 'Name 73', '73.73', 8);
INSERT INTO PRODUCTS(id, name, price, orders_id) VALUES (74, 'Name 74', '74.74', 8);
INSERT INTO PRODUCTS(id, name, price, orders_id) VALUES (75, 'Name 75', '75.75', 8);
INSERT INTO PRODUCTS(id, name, price, orders_id) VALUES (76, 'Name 76', '76.76', 8);
INSERT INTO PRODUCTS(id, name, price, orders_id) VALUES (77, 'Name 77', '77.77', 8);
INSERT INTO PRODUCTS(id, name, price, orders_id) VALUES (78, 'Name 78', '78.78', 8);
INSERT INTO PRODUCTS(id, name, price, orders_id) VALUES (79, 'Name 79', '79.79', 8);
INSERT INTO PRODUCTS(id, name, price, orders_id) VALUES (80, 'Name 80', '80.80', 9);
INSERT INTO PRODUCTS(id, name, price, orders_id) VALUES (81, 'Name 81', '81.81', 9);
INSERT INTO PRODUCTS(id, name, price, orders_id) VALUES (82, 'Name 82', '82.82', 9);
INSERT INTO PRODUCTS(id, name, price, orders_id) VALUES (83, 'Name 83', '83.83', 9);
INSERT INTO PRODUCTS(id, name, price, orders_id) VALUES (84, 'Name 84', '84.84', 9);
INSERT INTO PRODUCTS(id, name, price, orders_id) VALUES (85, 'Name 85', '85.85', 9);
INSERT INTO PRODUCTS(id, name, price, orders_id) VALUES (86, 'Name 86', '86.86', 9);
INSERT INTO PRODUCTS(id, name, price, orders_id) VALUES (87, 'Name 87', '87.87', 9);
INSERT INTO PRODUCTS(id, name, price, orders_id) VALUES (88, 'Name 88', '88.88', 9);
INSERT INTO PRODUCTS(id, name, price, orders_id) VALUES (89, 'Name 89', '89.89', 9);
INSERT INTO PRODUCTS(id, name, price, orders_id) VALUES (90, 'Name 90', '90.90', 10);
INSERT INTO PRODUCTS(id, name, price, orders_id) VALUES (91, 'Name 91', '91.91', 10);
INSERT INTO PRODUCTS(id, name, price, orders_id) VALUES (92, 'Name 92', '92.92', 10);
INSERT INTO PRODUCTS(id, name, price, orders_id) VALUES (93, 'Name 93', '93.93', 10);
INSERT INTO PRODUCTS(id, name, price, orders_id) VALUES (94, 'Name 94', '94.94', 10);
INSERT INTO PRODUCTS(id, name, price, orders_id) VALUES (95, 'Name 95', '95.95', 10);
INSERT INTO PRODUCTS(id, name, price, orders_id) VALUES (96, 'Name 96', '96.96', 10);
INSERT INTO PRODUCTS(id, name, price, orders_id) VALUES (97, 'Name 97', '97.97', 10);
INSERT INTO PRODUCTS(id, name, price, orders_id) VALUES (98, 'Name 98', '98.98', 10);
INSERT INTO PRODUCTS(id, name, price, orders_id) VALUES (99, 'Name 99', '99.99', 10);
